{
    "name": "Active Pull",
    "description": "Pull all items to you from 50 blocks radius ",
    "type": "origins:multiple",
    "pull": {
        "condition": {
            "type": "origins:power_active"
        },
        "type": "origins:action_over_time",
        "interval": 1,
        "entity_action": {
            "type": "origins:area_of_effect",
            "radius": 50,
            "bientity_condition": {
                "type": "origins:and",
                "conditions": [
                    {
                        "type": "origins:target_condition",
                        "condition": {
                            "type": "origins:and",
                            "conditions": [
                                {
                                    "type": "origins:entity_type",
                                    "entity_type": "item"
                                }
                            ]
                        }
                    }
                ]
            },
            "bientity_action": {
                "type": "origins:and",
                "actions": [
                    {
                        "type": "origins:add_velocity",
                        "z": -0.1,
                        "client": true,
                        "server": true,
                        "set": false
                    },
                    {
                        "type": "origins:target_action",
                        "action": {
                            "type": "origins:spawn_particles",
                            "particle": {
                                "type": "minecraft:dust_color_transition",
                                "params": "1 0.3 0.3 0.75 0.3 0.3 1"
                            },
                            "count": 1,
                            "speed": 0,
                            "force": false,
                            "spread": {
                                "x": 0.1,
                                "y": 0,
                                "z": 0.1
                            },
                            "offset_x": 0,
                            "offset_y": 0.5,
                            "offset_z": 0
                        }
                    }
                ]
            }
        }
    },
    "trigger": {
        "type": "origins:active_self",
        "entity_action": {
            "type": "origins:and",
            "actions": [
                {
                    "type": "origins:delay",
                    "action": {
                        "type": "origins:revoke_power",
                        "power": "*:pull"
                    },
                    "ticks": 200
                },
                {
                    "type": "origins:grant_power",
                    "power": "*:pull"
                }
            ]
        },
        "cooldown": 1200,
        "hud_render": {
            "should_render": true
        },
        "key": {}
    }
}