{
    "0": {
        "condition": {
            "type": "origins:fall_flying"
        },
        "type": "origins:modify_air_speed",
        "modifier": {
            "operation": "multiply_total",
            "value": 0.5
        }
    },
    "1": {
        "type": "origins:modify_damage_taken",
        "damage_condition": {
            "type": "origins:fall"
        },
        "modifier": {
            "operation": "multiply_total",
            "value": 1.25
        }
    },
    "name": "Fragile Wings",
    "description": "The player gains increased movement and flight speed but becomes more vulnerable to fall damage. This simulates the Allay’s light and nimble form, making the player quick on their feet but fragile if they fall from great heights.",
    "type": "origins:multiple"
}