{
    "name": "Item Whisperer",
    "description": "Items within a 10-block radius automatically flow toward the player (like a magnet), just as an Allay would collect items. This passive works continuously and helps with resource gathering, picking up items unobstructedly, and not having to manually pick up drops after fights or mining.",
    "type": "origins:action_over_time",
    "interval": 20,
    "entity_action": {
        "type": "origins:area_of_effect",
        "radius": 10,
        "bientity_condition": {
            "type": "origins:target_condition",
            "condition": {
                "type": "origins:entity_type",
                "entity_type": "item"
            }
        },
        "bientity_action": {
            "type": "origins:and",
            "actions": [
                {
                    "type": "origins:add_velocity",
                    "z": -0.1,
                    "client": true,
                    "server": true
                }
            ]
        }
    }
}